Medicine_ID,Counterfeit_Sales
HLZ81,1960.734353488372
ECE94,4030.2131458193962
SAD14,1575.4082373113868
EQV63,273.10904761904766
AIR10,358.11140397351
LIC37,593.9726870370371
EXZ14,4006.9521062499994
UCB79,4030.2131458193962
IDJ12,5589.114722033898
KLQ71,1575.4082373113868
NZS82,2812.594932692307
TZV99,4030.2131458193962
FWK70,2621.864712828944
LKL13,2621.864712828944
UFQ12,6351.386583098592
JPE14,3137.623477272725
SGZ11,2812.594932692307
JSD91,2621.864712828944
KSO48,3137.623477272725
LNA17,763.7447673469389
XQB11,2090.5961162995636
ZKO55,1575.4082373113868
DZC65,1040.126499999999
CYS10,3137.623477272725
IOW64,2621.864712828944
JJQ10,3137.623477272725
ZVR52,2090.5961162995636
DRH86,1040.126499999999
HWM68,2812.594932692307
OHY21,2621.864712828944
EVB28,1040.126499999999
WGT10,2090.5961162995636
TXX50,3137.623477272725
XHQ12,763.7447673469389
BUQ68,2621.864712828944
GPT11,2090.5961162995636
DBA13,1040.126499999999
VLR10,1960.734353488372
TXX50,2621.864712828944
PPB10,3419.1188930693056
IAS38,3137.623477272725
FLZ93,2621.864712828944
DEE35,2621.864712828944
DFS52,3137.623477272725
JCW15,653.8132689655172
CGG23,1138.7576754098363
OJV12,2090.5961162995636
MCQ36,3419.1188930693056
YJD12,3137.623477272725
EOK39,273.10904761904766
IYM95,3137.623477272725
JBY12,3137.623477272725
EVE11,3273.6086673684217
IAS38,3137.623477272725
LKG52,3273.6086673684217
LCH20,763.7447673469389
DQX15,226.70384444444446
CPF13,3137.623477272725
MXD18,4030.2131458193962
UJL53,4030.2131458193962
NQG12,4006.9521062499994
RTM43,1040.126499999999
VOR91,1040.126499999999
BKR48,2090.5961162995636
TYB54,4655.659625352113
JDT14,3137.623477272725
YST51,1040.126499999999
YRD11,415.341738235294
IKQ41,3137.623477272725
KKJ43,1575.4082373113868
BFA10,4030.2131458193962
JIV77,415.341738235294
OIT11,3137.623477272725
EVB28,1040.126499999999
IZD14,763.7447673469389
DVR14,2090.5961162995636
HAY13,3137.623477272725
KEB73,1575.4082373113868
UHF16,3137.623477272725
KOE13,2621.864712828944
OCC17,2090.5961162995636
XSM88,2621.864712828944
XKD99,3137.623477272725
DZO55,2090.5961162995636
EPQ18,1040.126499999999
WGC12,4655.659625352113
GTU11,4030.2131458193962
DPL20,763.7447673469389
LCT65,763.7447673469389
KKK25,1575.4082373113868
OYJ39,2090.5961162995636
PRC68,1575.4082373113868
BKA11,4030.2131458193962
MCS10,4006.9521062499994
OMK35,2812.594932692307
INQ59,276.84386857142863
WAF13,4030.2131458193962
QEG30,2090.5961162995636
HNB36,2090.5961162995636
JFM47,3137.623477272725
DHX14,2090.5961162995636
TIG24,1575.4082373113868
WXI33,1040.126499999999
QBL45,2621.864712828944
DPT13,1575.4082373113868
YHP10,2621.864712828944
IHZ66,3137.623477272725
LSZ55,1040.126499999999
SLH10,1040.126499999999
DIX98,2090.5961162995636
XEX60,2812.594932692307
SFC11,276.84386857142863
QGV13,4030.2131458193962
YJY59,4030.2131458193962
LHQ13,1040.126499999999
FWW89,1575.4082373113868
AAS12,2621.864712828944
YHP10,2621.864712828944
JZL95,4030.2131458193962
DBJ11,4030.2131458193962
BNO11,4030.2131458193962
MBQ12,4030.2131458193962
NQE11,4030.2131458193962
BJQ15,763.7447673469389
JZK98,3137.623477272725
MSY10,6351.386583098592
DDK20,2621.864712828944
QAU14,1575.4082373113868
YMG27,183.9077
PJB12,2090.5961162995636
MKO99,1575.4082373113868
SYW15,593.9726870370371
TTJ13,1575.4082373113868
KIT10,521.7457166666667
PYY23,4030.2131458193962
QQR55,3137.623477272725
QBT13,1575.4082373113868
KBR18,1575.4082373113868
IAP53,2621.864712828944
HPW53,4030.2131458193962
UCX61,1138.7576754098363
IWE13,3137.623477272725
OJE14,3137.623477272725
SFI23,2090.5961162995636
MRG11,2621.864712828944
GLQ11,1575.4082373113868
JXC75,3137.623477272725
FTY40,3137.623477272725
GUM11,763.7447673469389
LZQ97,5589.114722033898
NGH10,2090.5961162995636
MKR14,3419.1188930693056
MWN81,3273.6086673684217
QKY68,1040.126499999999
JEF58,1575.4082373113868
IJC44,4030.2131458193962
ZJB56,2090.5961162995636
OIY11,2090.5961162995636
DXX87,593.9726870370371
VPX10,3137.623477272725
LHK43,2090.5961162995636
UQE10,4030.2131458193962
MAJ12,2090.5961162995636
GWU14,4030.2131458193962
DCB19,4030.2131458193962
FVD11,763.7447673469389
CPZ57,763.7447673469389
HWM68,1575.4082373113868
TGT13,2621.864712828944
OTB75,415.341738235294
VIQ13,3273.6086673684217
XXE14,2090.5961162995636
RNV12,763.7447673469389
DST32,2812.594932692307
CWT37,3419.1188930693056
NCG56,3137.623477272725
QJZ43,1575.4082373113868
RHR86,1575.4082373113868
QRC11,2090.5961162995636
ATT10,421.4556285714285
YYJ78,763.7447673469389
CQU27,358.11140397351
ATT10,521.7457166666667
YTK96,2812.594932692307
UNI81,1575.4082373113868
IIG27,1040.126499999999
MCS10,2621.864712828944
BTP27,1575.4082373113868
OLY11,2090.5961162995636
TVT11,2090.5961162995636
QFD24,4030.2131458193962
UYQ40,763.7447673469389
KBP10,415.341738235294
AKD11,4030.2131458193962
IUN21,4006.9521062499994
PDQ67,763.7447673469389
RDQ13,1575.4082373113868
VLR87,3137.623477272725
HZC96,4030.2131458193962
QXV86,2621.864712828944
TGT13,2621.864712828944
XJA26,2812.594932692307
EWT46,4030.2131458193962
QRC11,2090.5961162995636
RDJ83,1040.126499999999
URG12,517.5400800000001
BTP27,1575.4082373113868
ORN12,4006.9521062499994
RFR49,4030.2131458193962
ZEE32,4030.2131458193962
OKA72,358.11140397351
FSJ13,2621.864712828944
IYX45,763.7447673469389
DSY84,2090.5961162995636
CSM50,2090.5961162995636
WOX94,3137.623477272725
UYH58,2621.864712828944
OLD10,4655.659625352113
IAP71,3137.623477272725
ATT10,2621.864712828944
JHP96,183.9077
RUT58,1575.4082373113868
UTN77,1575.4082373113868
CTM81,415.341738235294
YAA14,1575.4082373113868
JJZ12,2090.5961162995636
BKA11,4030.2131458193962
LWT80,2090.5961162995636
GKI48,1575.4082373113868
UAV72,1575.4082373113868
OIF72,2621.864712828944
JYY11,5589.114722033898
LLH93,4030.2131458193962
AZB11,4030.2131458193962
JEM14,2621.864712828944
AHD74,3137.623477272725
UYA56,5589.114722033898
XRJ35,763.7447673469389
RAH15,3137.623477272725
TRZ29,4006.9521062499994
HMI21,1575.4082373113868
NEH32,1040.126499999999
XEI37,4030.2131458193962
BEY15,2621.864712828944
JJD44,1575.4082373113868
NUW49,2621.864712828944
IKU77,1040.126499999999
WDW84,2621.864712828944
XBN75,4030.2131458193962
BTP27,1575.4082373113868
KSO48,3137.623477272725
SAC31,3137.623477272725
KTH72,593.9726870370371
VZK61,3419.1188930693056
QAU14,1575.4082373113868
XVT88,4030.2131458193962
KRS13,4030.2131458193962
FDZ11,3273.6086673684217
DHT27,4030.2131458193962
GRD25,2621.864712828944
UQJ12,1575.4082373113868
GAC11,2621.864712828944
TKA46,415.341738235294
YST51,1040.126499999999
CCH19,2621.864712828944
FTY40,3137.623477272725
KVN10,4030.2131458193962
LWT80,2090.5961162995636
ONO10,4655.659625352113
STR65,3273.6086673684217
VFE97,4030.2131458193962
HWE10,763.7447673469389
PRC68,1575.4082373113868
RVX39,1040.126499999999
VMN22,3137.623477272725
XBY11,415.341738235294
ZRF15,2621.864712828944
EOX12,2090.5961162995636
JNT60,3137.623477272725
UIR34,2812.594932692307
ACC80,4655.659625352113
IVE63,358.11140397351
JES16,1040.126499999999
QEF34,4030.2131458193962
NZA81,1040.126499999999
KTS65,3137.623477272725
ORX66,3137.623477272725
DKW49,2621.864712828944
DVR14,2090.5961162995636
KAY10,4030.2131458193962
ENH17,593.9726870370371
XHQ90,763.7447673469389
WVJ47,2621.864712828944
UAS12,183.9077
TPH13,2621.864712828944
OUB13,276.84386857142863
QQF11,1575.4082373113868
NMJ18,1575.4082373113868
JWP65,593.9726870370371
UYQ40,763.7447673469389
OJV12,2090.5961162995636
GWU14,4030.2131458193962
RLY93,763.7447673469389
IFX14,1575.4082373113868
ANV76,2090.5961162995636
AHC49,3137.623477272725
QXV86,2621.864712828944
TNC52,3137.623477272725
AEF11,763.7447673469389
DMF12,2812.594932692307
PIV47,2090.5961162995636
FKP38,3137.623477272725
JSI16,6351.386583098592
GEL15,4030.2131458193962
SAD14,1575.4082373113868
APX64,358.11140397351
HFF15,1575.4082373113868
OJL17,2090.5961162995636
RMM57,3419.1188930693056
JJZ12,3273.6086673684217
CYP90,2621.864712828944
HOA15,3137.623477272725
TWM83,2090.5961162995636
XFX12,1575.4082373113868
UIR34,1575.4082373113868
NXT21,3137.623477272725
YOC67,3137.623477272725
CTT10,1575.4082373113868
XTA25,4030.2131458193962
CNH11,2621.864712828944
OIR82,4030.2131458193962
KGC13,3419.1188930693056
LKT15,3137.623477272725
YFD14,4030.2131458193962
LGE15,2621.864712828944
UTN77,1575.4082373113868
ZPQ72,1960.734353488372
KSA50,2090.5961162995636
WIW15,273.10904761904766
WDS14,763.7447673469389
CUY60,4006.9521062499994
ACW12,4030.2131458193962
HER33,2090.5961162995636
GMM11,4030.2131458193962
XXE14,3273.6086673684217
OJX13,3273.6086673684217
GUA99,1575.4082373113868
HRH29,2090.5961162995636
WFU12,1040.126499999999
JZM41,2621.864712828944
QMP15,1575.4082373113868
AHD74,593.9726870370371
KSE64,3137.623477272725
YEC92,358.11140397351
SZO25,4655.659625352113
LKT15,3137.623477272725
SAS13,3137.623477272725
DUZ10,763.7447673469389
DZI47,3137.623477272725
MEF33,3137.623477272725
DQX15,1960.734353488372
KTH72,3137.623477272725
HPD36,415.341738235294
NPE65,2621.864712828944
MRG11,2621.864712828944
PQM96,1960.734353488372
UYP13,358.11140397351
INU15,1575.4082373113868
ZGG52,3273.6086673684217
TQD35,653.8132689655172
YOC67,3137.623477272725
OUB13,1575.4082373113868
MII51,1575.4082373113868
VIC29,1040.126499999999
RDC11,4655.659625352113
EZE26,2621.864712828944
ZXO53,5589.114722033898
VVO38,273.10904761904766
DKR87,1575.4082373113868
JKR96,1575.4082373113868
SDZ43,1138.7576754098363
GGP12,763.7447673469389
FWU13,784.0986583333334
UFA10,2621.864712828944
ZPF14,2090.5961162995636
YCY11,1575.4082373113868
WVE39,3137.623477272725
EFJ10,4030.2131458193962
HLZ81,1575.4082373113868
UXH58,3137.623477272725
LHC12,763.7447673469389
PAL64,4655.659625352113
PIN15,5589.114722033898
QAU14,358.11140397351
ZQW57,763.7447673469389
ELK66,4006.9521062499994
ARR74,610.3193099999999
LJD10,763.7447673469389
IGQ78,1575.4082373113868
LKG52,2090.5961162995636
KGF12,3137.623477272725
RWW49,1575.4082373113868
TZF64,2090.5961162995636
YST51,1040.126499999999
VOE12,653.8132689655172
SPK13,3273.6086673684217
HWE10,1138.7576754098363
HDN12,273.10904761904766
MTV83,1575.4082373113868
WET13,1575.4082373113868
LGX26,1575.4082373113868
XIL11,3137.623477272725
OHY21,2621.864712828944
BYA70,1575.4082373113868
UMO34,4030.2131458193962
IMW22,3419.1188930693056
CKE54,763.7447673469389
HHT59,1138.7576754098363
DUZ10,763.7447673469389
KYV41,653.8132689655172
WUK60,4030.2131458193962
ZYP12,763.7447673469389
JSD91,2621.864712828944
HPG22,4030.2131458193962
DIX98,358.11140397351
MDI34,763.7447673469389
RDC11,3137.623477272725
JYY11,3137.623477272725
OKA72,2090.5961162995636
KIS14,1575.4082373113868
ZJG11,3137.623477272725
NPE65,2621.864712828944
PRU76,358.11140397351
TIQ73,2621.864712828944
ZSC82,593.9726870370371
ZRC14,3137.623477272725
QAE90,1040.126499999999
YTL30,5589.114722033898
KJO95,1575.4082373113868
RIM99,1040.126499999999
MGD92,4030.2131458193962
TKM11,653.8132689655172
NXW60,1040.126499999999
BCL11,4030.2131458193962
FKW44,593.9726870370371
WVF37,2090.5961162995636
OAO12,398.7206722222223
UCB79,5589.114722033898
NWQ13,2812.594932692307
FCY92,2621.864712828944
TMZ19,3419.1188930693056
LZQ97,3137.623477272725
QKO94,1040.126499999999
SKG14,3137.623477272725
GTU11,784.0986583333334
CEI27,276.84386857142863
MUE19,4030.2131458193962
TQD35,4030.2131458193962
ADT76,3137.623477272725
WPJ11,3137.623477272725
GKK14,2090.5961162995636
COQ16,1575.4082373113868
JTJ14,2090.5961162995636
CFL52,4006.9521062499994
QUH78,2621.864712828944
CQK14,1575.4082373113868
URV12,415.341738235294
CTT10,2812.594932692307
EKB79,3137.623477272725
TRX84,4030.2131458193962
EGU28,3137.623477272725
KAF29,415.341738235294
YQV21,4030.2131458193962
SZO25,593.9726870370371
DUZ10,763.7447673469389
HLD43,2090.5961162995636
CYJ45,2621.864712828944
BQB14,2090.5961162995636
NAI10,4030.2131458193962
HPG22,4030.2131458193962
NCI72,3419.1188930693056
DDK20,2621.864712828944
YGZ30,1575.4082373113868
ORW88,4030.2131458193962
ALQ91,1138.7576754098363
MRG12,6351.386583098592
WWF98,2090.5961162995636
VDZ97,3137.623477272725
VMN22,3137.623477272725
PAN11,2090.5961162995636
MAJ12,3273.6086673684217
ACC80,3137.623477272725
GNX16,1575.4082373113868
XPC22,1040.126499999999
ZQS14,4030.2131458193962
LTH47,1575.4082373113868
XSM88,521.7457166666667
HLH13,2621.864712828944
XBT14,358.11140397351
BGH11,2812.594932692307
FAC22,1040.126499999999
YQO80,2621.864712828944
IUN21,2621.864712828944
QWO29,4030.2131458193962
GNK67,4030.2131458193962
NCN85,358.11140397351
ZPQ72,1040.126499999999
KSE64,3137.623477272725
MIH17,4655.659625352113
QKY68,1040.126499999999
FSJ13,2621.864712828944
VNP14,653.8132689655172
KYJ80,4655.659625352113
ENI41,2090.5961162995636
JPO54,4030.2131458193962
NUU36,763.7447673469389
WBL95,183.9077
EWF75,3137.623477272725
SPK13,2090.5961162995636
XBT14,1575.4082373113868
OKF75,6351.386583098592
FKP38,3137.623477272725
ASL20,4030.2131458193962
WJO14,276.84386857142863
LOS50,3137.623477272725
MIH17,3137.623477272725
RVU10,2621.864712828944
JGK92,6351.386583098592
YEC92,2090.5961162995636
KJO95,1575.4082373113868
VIC83,2621.864712828944
XBY11,2621.864712828944
JET13,593.9726870370371
JLD12,1575.4082373113868
TNK24,2812.594932692307
PRU76,2090.5961162995636
ZAC12,4655.659625352113
DJA22,3273.6086673684217
VPX10,3137.623477272725
FPC14,1575.4082373113868
AEF11,183.9077
YBZ14,3273.6086673684217
MRG11,2621.864712828944
ZEE32,4030.2131458193962
PYU86,2090.5961162995636
FDI10,358.11140397351
LAP14,3137.623477272725
RHG44,763.7447673469389
QKY68,276.84386857142863
SFZ66,4030.2131458193962
GWU14,3419.1188930693056
IOW64,2090.5961162995636
NLT14,3273.6086673684217
DSP10,3137.623477272725
EWF75,3137.623477272725
OGE14,358.11140397351
IOW64,2621.864712828944
ZRC14,3137.623477272725
NNX49,4030.2131458193962
TKM11,653.8132689655172
NJD55,2621.864712828944
PPX45,763.7447673469389
BNU14,358.11140397351
OHK62,1575.4082373113868
CEY52,183.9077
ZNR36,273.10904761904766
NKH42,3137.623477272725
HMD10,1575.4082373113868
KNX65,1575.4082373113868
OGE14,2090.5961162995636
KAE47,2090.5961162995636
QTR25,1575.4082373113868
QYN11,1575.4082373113868
ADO13,784.0986583333334
WOT11,2621.864712828944
HPG22,4030.2131458193962
ZWS21,2621.864712828944
QEG60,4006.9521062499994
LVI11,218.72904
QTC50,763.7447673469389
OJX13,2090.5961162995636
JVY11,2621.864712828944
VMN13,763.7447673469389
XGE53,2621.864712828944
UFA10,2621.864712828944
OPM10,3137.623477272725
PNK10,517.5400800000001
GDV12,1040.126499999999
BGH11,1575.4082373113868
UBT47,1575.4082373113868
HRW59,1040.126499999999
JWP65,3137.623477272725
QBS73,653.8132689655172
NTB26,763.7447673469389
YSQ17,3419.1188930693056
WGC12,3137.623477272725
GLJ63,1575.4082373113868
RXK11,1575.4082373113868
DWE31,4030.2131458193962
OGW98,3137.623477272725
BGU29,4030.2131458193962
LLI13,1575.4082373113868
UNO45,1575.4082373113868
JNE88,4030.2131458193962
BDC33,1575.4082373113868
SHY10,4030.2131458193962
YPI13,4030.2131458193962
YLQ15,1575.4082373113868
FWX31,4006.9521062499994
VFE97,4030.2131458193962
RWJ12,1575.4082373113868
NKD77,4006.9521062499994
DGB94,763.7447673469389
YRD11,2621.864712828944
KJO51,653.8132689655172
HCI51,183.9077
FTY40,3137.623477272725
QJZ43,1575.4082373113868
BJE52,2621.864712828944
SXA15,1575.4082373113868
RQL15,1575.4082373113868
OUO54,2812.594932692307
PXU66,226.70384444444446
UJM11,4030.2131458193962
DMG17,521.7457166666667
SGZ11,358.11140397351
WEP87,3273.6086673684217
SKA90,1575.4082373113868
CYS10,3137.623477272725
NDQ15,2090.5961162995636
GZY97,2621.864712828944
CKJ42,3137.623477272725
IPC15,3137.623477272725
ENI41,2090.5961162995636
FCQ55,1575.4082373113868
BXE31,1040.126499999999
NMP43,4030.2131458193962
MEF33,593.9726870370371
IWK67,2621.864712828944
PRU10,3137.623477272725
FKP38,3137.623477272725
EQV54,1575.4082373113868
AHF89,1575.4082373113868
PHH13,3273.6086673684217
GRM60,276.84386857142863
PAL64,3137.623477272725
NDP41,1040.126499999999
AHD74,3137.623477272725
SBH11,2621.864712828944
JTW13,1575.4082373113868
UQE10,4030.2131458193962
AXH89,4006.9521062499994
CQU27,1575.4082373113868
PIN15,3137.623477272725
ZKQ11,3137.623477272725
PPB10,4030.2131458193962
UJM11,3419.1188930693056
TKM11,4030.2131458193962
WJU16,763.7447673469389
YBZ14,2090.5961162995636
PRU10,593.9726870370371
WUJ11,3137.623477272725
ORS21,3137.623477272725
OYJ39,2090.5961162995636
HRW59,1960.734353488372
VKG12,2621.864712828944
MJH13,3137.623477272725
RXO14,763.7447673469389
SVQ36,3137.623477272725
SRC13,653.8132689655172
PJB12,2090.5961162995636
XPC22,1040.126499999999
JVG23,3137.623477272725
GUM11,763.7447673469389
UYA56,3137.623477272725
TKA46,2621.864712828944
VIC29,1575.4082373113868
ESB61,2090.5961162995636
DRH86,276.84386857142863
VSL11,653.8132689655172
DXX87,3137.623477272725
LCH20,183.9077
EJZ14,2621.864712828944
GMU28,1575.4082373113868
AEF11,763.7447673469389
KFJ98,2090.5961162995636
JYM14,4030.2131458193962
CGH10,763.7447673469389
XHQ12,763.7447673469389
RLS13,4006.9521062499994
ZQK44,4655.659625352113
VJX78,2090.5961162995636
RCF13,4030.2131458193962
RXK11,1575.4082373113868
TXX50,2621.864712828944
OPR10,4030.2131458193962
OCU12,3137.623477272725
SIY12,358.11140397351
HKA14,1575.4082373113868
OOL46,1040.126499999999
OJT30,1040.126499999999
TZF64,2090.5961162995636
JUP10,2090.5961162995636
GMC11,3137.623477272725
YMU12,1575.4082373113868
XRU43,5589.114722033898
OJS40,2090.5961162995636
VGE44,763.7447673469389
JJD44,2812.594932692307
RCV45,3137.623477272725
XRH13,1575.4082373113868
CGQ37,593.9726870370371
YKM69,2621.864712828944
CQK14,1040.126499999999
HLH13,2621.864712828944
FHS14,3137.623477272725
JTU15,2090.5961162995636
QKH44,763.7447673469389
YEY91,2621.864712828944
WRY47,1575.4082373113868
ZEO73,593.9726870370371
JES16,1040.126499999999
JWP65,3137.623477272725
IKW10,6351.386583098592
OPP86,2621.864712828944
AEN20,2090.5961162995636
LOK28,2090.5961162995636
APX64,358.11140397351
IHO60,4030.2131458193962
CNH11,2621.864712828944
SLY12,2621.864712828944
CKJ42,3137.623477272725
JZM41,4006.9521062499994
AUN96,4030.2131458193962
GDV12,1040.126499999999
WLW19,1575.4082373113868
ORW88,4030.2131458193962
KTI10,3137.623477272725
KGC13,653.8132689655172
IXX58,2621.864712828944
DVT10,1040.126499999999
RLY93,763.7447673469389
DCV26,2090.5961162995636
NWQ13,1575.4082373113868
WXN13,2621.864712828944
AHZ10,2621.864712828944
JFM47,5589.114722033898
FKP21,358.11140397351
UAV72,1575.4082373113868
WJW10,2621.864712828944
LHK43,2090.5961162995636
NQE11,3419.1188930693056
ZAC12,3137.623477272725
LOS50,3137.623477272725
SWZ52,1040.126499999999
VKW64,3137.623477272725
DLH42,3137.623477272725
FHS14,3137.623477272725
NEH32,1040.126499999999
ZEP43,1575.4082373113868
SIJ28,2621.864712828944
TWW48,1575.4082373113868
CTO12,1040.126499999999
WET13,1575.4082373113868
HLD43,2090.5961162995636
OIF72,4006.9521062499994
XRI86,2621.864712828944
WBN96,3137.623477272725
LSU81,3137.623477272725
YEY31,3137.623477272725
VPO73,2090.5961162995636
SMU22,348.82636
KAF29,2621.864712828944
IFX12,1575.4082373113868
CTT10,1575.4082373113868
MCJ75,1138.7576754098363
UYH71,2621.864712828944
FOG11,3273.6086673684217
UCB79,4030.2131458193962
CPZ57,763.7447673469389
FTF15,2812.594932692307
KBE13,1575.4082373113868
QHL12,3137.623477272725
QGQ10,1575.4082373113868
DFL12,2090.5961162995636
FTY40,4655.659625352113
HTQ14,3137.623477272725
BSV80,2090.5961162995636
DCV26,2090.5961162995636
JMH12,3137.623477272725
EZH74,4030.2131458193962
HWE10,763.7447673469389
UYQ40,763.7447673469389
IBY35,4030.2131458193962
JTW13,1575.4082373113868
SIQ14,1575.4082373113868
WZF50,3137.623477272725
DZI47,3137.623477272725
OGP11,4030.2131458193962
LOK28,2090.5961162995636
OEQ12,763.7447673469389
BON13,4006.9521062499994
RHS94,2621.864712828944
TTV54,3137.623477272725
OIT11,593.9726870370371
NSF70,2090.5961162995636
OYN80,5589.114722033898
RMF83,3137.623477272725
ZFU57,3137.623477272725
JBP32,1575.4082373113868
ORW88,653.8132689655172
SKK32,3137.623477272725
FQP55,1575.4082373113868
ZWG14,3137.623477272725
QRC79,2090.5961162995636
OXK54,1575.4082373113868
MJX11,763.7447673469389
AHD74,3137.623477272725
BTP27,1575.4082373113868
WHA79,1575.4082373113868
VPJ12,2621.864712828944
MII51,1575.4082373113868
LOK28,2090.5961162995636
PZT93,1138.7576754098363
ZKO55,1575.4082373113868
FKP21,1575.4082373113868
PNK10,2090.5961162995636
WVE39,348.82636
QJS12,2621.864712828944
MXK51,2090.5961162995636
YKM69,2621.864712828944
OIF72,2621.864712828944
CTA35,3137.623477272725
RAH15,3137.623477272725
EVB28,1040.126499999999
KXU14,3273.6086673684217
BNB10,398.7206722222223
TVF57,1575.4082373113868
PYY23,4030.2131458193962
TBK97,1575.4082373113868
DKY10,4030.2131458193962
SWG81,1575.4082373113868
LDO15,3137.623477272725
HSB92,3273.6086673684217
TKA46,2621.864712828944
RZV10,276.84386857142863
FUN14,653.8132689655172
NAI10,3137.623477272725
BTP27,2812.594932692307
ZQK44,3137.623477272725
ADE15,4030.2131458193962
IKW10,4030.2131458193962
FAB15,2621.864712828944
PJG77,2621.864712828944
JES16,1040.126499999999
KFB59,1575.4082373113868
KDE69,2090.5961162995636
OPR10,4030.2131458193962
PXM14,1575.4082373113868
OYC25,4006.9521062499994
BFK13,276.84386857142863
TZF64,2090.5961162995636
IMO12,1040.126499999999
SFQ33,1040.126499999999
SVE76,2090.5961162995636
HJZ96,2621.864712828944
RNM14,2621.864712828944
FOG11,1575.4082373113868
WPJ11,3137.623477272725
SGZ11,1575.4082373113868
ZGG52,2090.5961162995636
UIR34,1575.4082373113868
VNP14,4030.2131458193962
CPZ57,763.7447673469389
HOK90,3273.6086673684217
ZVH10,3273.6086673684217
JTL20,1040.126499999999
OOI14,3273.6086673684217
EHR84,1575.4082373113868
YEY31,593.9726870370371
GLQ11,1575.4082373113868
SSW11,2621.864712828944
SSW11,415.341738235294
HWE10,763.7447673469389
FMO17,1575.4082373113868
TBI27,4030.2131458193962
XIL11,3137.623477272725
ZIV91,2090.5961162995636
QXX90,3137.623477272725
PRC68,1575.4082373113868
EEG76,1960.734353488372
QMP15,1575.4082373113868
UXH58,5589.114722033898
LCT65,763.7447673469389
HWG64,521.7457166666667
XIL11,3137.623477272725
JZK98,3137.623477272725
WUV14,4030.2131458193962
QIN25,2621.864712828944
INK89,2090.5961162995636
LNK13,1575.4082373113868
AJM90,4030.2131458193962
GCV94,1575.4082373113868
RGL63,4030.2131458193962
OVU58,276.84386857142863
OJT30,1040.126499999999
NJD55,2621.864712828944
QGQ10,1575.4082373113868
QAU14,1575.4082373113868
JVE40,2090.5961162995636
CUP12,3137.623477272725
EHR84,1575.4082373113868
IAR88,3137.623477272725
IGQ78,358.11140397351
NGH10,3273.6086673684217
OOY30,1575.4082373113868
OCU12,3137.623477272725
NQW13,763.7447673469389
NUY94,763.7447673469389
VSL11,4030.2131458193962
LRF62,2090.5961162995636
PTX15,3137.623477272725
RSY89,1040.126499999999
AQW42,4030.2131458193962
NQG12,2621.864712828944
DQX15,1040.126499999999
HMI21,2812.594932692307
OPM10,3137.623477272725
EVN95,6351.386583098592
LLH65,4655.659625352113
COQ16,1575.4082373113868
QBV12,4006.9521062499994
JXN83,653.8132689655172
LWD10,2621.864712828944
AUO69,3137.623477272725
FCY92,2621.864712828944
DBA13,1040.126499999999
BYA70,2090.5961162995636
OUB13,1575.4082373113868
IAP53,415.341738235294
SPK13,2090.5961162995636
VHM53,1575.4082373113868
RXM37,763.7447673469389
GCR10,4030.2131458193962
XRY13,2090.5961162995636
VJX78,2621.864712828944
KXA92,5589.114722033898
RLS13,2621.864712828944
URV12,610.3193099999999
IHZ66,3137.623477272725
RGM13,1575.4082373113868
WVX10,3137.623477272725
FCG79,2090.5961162995636
GZY97,4006.9521062499994
YZE70,2621.864712828944
IHZ66,3137.623477272725
ITH16,2090.5961162995636
RCT12,2621.864712828944
IMO12,1040.126499999999
NSE67,1575.4082373113868
CJZ63,2090.5961162995636
RZH55,1040.126499999999
YYE10,2090.5961162995636
IYX45,1138.7576754098363
YSI78,3137.623477272725
KYV41,3419.1188930693056
JPO54,5589.114722033898
CNC77,4030.2131458193962
TFO71,1040.126499999999
TKM11,4030.2131458193962
VUG26,3137.623477272725
PJM18,2090.5961162995636
GSG12,2090.5961162995636
OLY11,2090.5961162995636
UMO34,784.0986583333334
UJC79,276.84386857142863
YPI15,2090.5961162995636
JSI16,653.8132689655172
QMP15,1575.4082373113868
QXD11,2090.5961162995636
PPB10,4030.2131458193962
AHZ10,2621.864712828944
UXH58,3137.623477272725
HHJ28,2621.864712828944
RLS13,2621.864712828944
LIE73,763.7447673469389
WYF11,4655.659625352113
CGG23,763.7447673469389
RCK21,763.7447673469389
ZEP43,358.11140397351
GSN53,2090.5961162995636
MNO10,763.7447673469389
MVU13,276.84386857142863
FCJ12,4006.9521062499994
YKM69,2621.864712828944
LTH47,1575.4082373113868
WEA21,653.8132689655172
PTZ82,1040.126499999999
JKR96,358.11140397351
IBE74,763.7447673469389
EIJ11,4030.2131458193962
TVF57,1575.4082373113868
JEF58,1575.4082373113868
SVE76,2090.5961162995636
NCS40,763.7447673469389
GKK14,2090.5961162995636
FWK70,2621.864712828944
LOK28,2090.5961162995636
YPI15,2090.5961162995636
TBT30,4030.2131458193962
YTK96,1040.126499999999
PHE51,3137.623477272725
PAN12,2621.864712828944
FKP21,3273.6086673684217
KUR15,1575.4082373113868
OKA72,2090.5961162995636
BAE93,2090.5961162995636
AWN68,276.84386857142863
KXV82,4030.2131458193962
JVR13,2621.864712828944
RWW49,1575.4082373113868
GPT28,763.7447673469389
KNX65,2812.594932692307
CJQ14,3137.623477272725
DLH42,5589.114722033898
OLD10,593.9726870370371
EEG76,1040.126499999999
TKG19,2090.5961162995636
KAF29,2621.864712828944
VZK61,4030.2131458193962
THL13,2090.5961162995636
VFT71,2090.5961162995636
KTS65,3137.623477272725
UTN77,358.11140397351
XXE14,2090.5961162995636
MSJ80,4006.9521062499994
DIX98,2090.5961162995636
YOC67,593.9726870370371
WVX10,3137.623477272725
ZLS67,358.11140397351
RXK11,1575.4082373113868
GLS37,763.7447673469389
YYN48,4030.2131458193962
MZW14,3419.1188930693056
CNO62,2621.864712828944
BDC33,1575.4082373113868
UOI59,4006.9521062499994
JCP13,653.8132689655172
IKQ41,593.9726870370371
OVU58,1040.126499999999
PYC12,1575.4082373113868
COH93,1040.126499999999
RDC11,593.9726870370371
OJS40,2090.5961162995636
ROJ11,2090.5961162995636
HAQ14,1040.126499999999
QUR48,1575.4082373113868
VKX48,2621.864712828944
IPR12,4006.9521062499994
GMI62,4655.659625352113
QTJ15,4030.2131458193962
ARR74,4006.9521062499994
QQK28,2621.864712828944
CKE54,763.7447673469389
TNC52,593.9726870370371
RZV10,1575.4082373113868
IYE11,273.10904761904766
XAG62,1575.4082373113868
VPX10,593.9726870370371
MRS69,763.7447673469389
IRM25,593.9726870370371
KFT87,1575.4082373113868
KFT87,1575.4082373113868
IZT30,2621.864712828944
UYQ40,763.7447673469389
FBW60,1575.4082373113868
MKR14,653.8132689655172
OAO12,2621.864712828944
AQW42,4030.2131458193962
RCA58,3137.623477272725
TNC52,3137.623477272725
HLD43,2090.5961162995636
AJM90,3419.1188930693056
XHP14,763.7447673469389
APE89,3137.623477272725
HTO82,2621.864712828944
RFR49,3419.1188930693056
QHL12,593.9726870370371
ADO13,6351.386583098592
WCQ91,3137.623477272725
PNU88,4030.2131458193962
TTV54,3137.623477272725
EOF58,415.341738235294
XVN59,763.7447673469389
FFG32,3419.1188930693056
ELY14,3273.6086673684217
BKR48,2090.5961162995636
JBP32,1575.4082373113868
EVN95,4030.2131458193962
KGF12,653.8132689655172
LOS50,3137.623477272725
RLS13,2621.864712828944
QPF16,2621.864712828944
ZOJ13,3137.623477272725
WGC12,3137.623477272725
GWC40,1575.4082373113868
GZY85,3137.623477272725
DXJ52,2090.5961162995636
BGU29,3419.1188930693056
MYA10,3137.623477272725
EVB28,1960.734353488372
UQI78,2621.864712828944
ZAM11,1575.4082373113868
DBJ11,4030.2131458193962
YOJ46,1575.4082373113868
FSJ13,2621.864712828944
RWD64,1575.4082373113868
SRT14,3137.623477272725
UCM12,2090.5961162995636
HSZ90,4030.2131458193962
HCI51,763.7447673469389
IAU19,1575.4082373113868
ZQK44,593.9726870370371
TZF64,358.11140397351
THU10,1040.126499999999
QUY11,1575.4082373113868
BAX62,763.7447673469389
KKJ43,1575.4082373113868
RHR86,2812.594932692307
OOB26,763.7447673469389
MRS69,1138.7576754098363
YUE24,653.8132689655172
RXG14,2090.5961162995636
IYX45,763.7447673469389
FIH14,2090.5961162995636
ATT10,4006.9521062499994
DCV26,2090.5961162995636
UAS12,763.7447673469389
YQV21,4030.2131458193962
GSN53,2090.5961162995636
ZXN29,1575.4082373113868
ENH17,3137.623477272725
SLY12,2621.864712828944
KXG14,1138.7576754098363
DIA66,763.7447673469389
OAY27,2090.5961162995636
DXX87,3137.623477272725
OKH95,2621.864712828944
SYQ15,521.7457166666667
TOK11,1960.734353488372
MEF33,3137.623477272725
ZOJ13,4655.659625352113
ZTE88,1575.4082373113868
IEW96,1040.126499999999
BJE52,2621.864712828944
OTC46,2812.594932692307
UBT47,358.11140397351
OLD10,3137.623477272725
XDH81,3273.6086673684217
APX64,2090.5961162995636
FMT10,4030.2131458193962
FTY40,593.9726870370371
HFF15,1040.126499999999
DRY11,1575.4082373113868
MKR14,5589.114722033898
RZH55,1040.126499999999
OJT30,226.70384444444446
YAA14,1575.4082373113868
WEX14,1040.126499999999
KKK25,1575.4082373113868
SWG81,358.11140397351
TLK62,3137.623477272725
NSG12,2090.5961162995636
FRD35,2090.5961162995636
QDC31,593.9726870370371
GKI48,1575.4082373113868
UTM98,4655.659625352113
TLK62,593.9726870370371
CJZ63,2090.5961162995636
XWX56,517.5400800000001
DLV10,653.8132689655172
SES94,3273.6086673684217
KVS72,1575.4082373113868
XNT10,2090.5961162995636
URG12,2090.5961162995636
IPC15,3137.623477272725
LKT15,3137.623477272725
SZA88,3273.6086673684217
HIQ11,358.11140397351
JYY11,3137.623477272725
GWH45,421.4556285714285
KTS65,3137.623477272725
JTW13,1575.4082373113868
LIC37,3137.623477272725
VMP31,273.10904761904766
WCQ91,3137.623477272725
NTE48,4030.2131458193962
VYB31,2090.5961162995636
NCN85,2090.5961162995636
ASG22,4006.9521062499994
KXV82,4030.2131458193962
VFH85,3137.623477272725
NFO12,4030.2131458193962
UQE10,3419.1188930693056
SPZ10,1575.4082373113868
TUT39,763.7447673469389
JDT14,3137.623477272725
NDP41,1040.126499999999
HWG64,2621.864712828944
ACW12,4030.2131458193962
PJX11,2621.864712828944
MVI14,398.7206722222223
TZV99,4030.2131458193962
IIG27,1040.126499999999
SFQ33,1040.126499999999
HJY10,276.84386857142863
YZE70,2621.864712828944
NUY94,763.7447673469389
QFD24,6351.386583098592
INK89,2090.5961162995636
RWD64,1575.4082373113868
OUT45,2090.5961162995636
USU11,3273.6086673684217
IEA75,2090.5961162995636
EBV12,653.8132689655172
IDG55,273.10904761904766
MDI34,183.9077
PYC12,358.11140397351
HZM67,763.7447673469389
PRU10,593.9726870370371
HIQ11,2090.5961162995636
KBR19,3137.623477272725
QKH44,763.7447673469389
KSA50,2090.5961162995636
OSH14,2090.5961162995636
DKR87,1575.4082373113868
ZKH72,3137.623477272725
QHL12,3137.623477272725
OHK62,1575.4082373113868
DZC65,276.84386857142863
BCT83,1960.734353488372
YPS49,3273.6086673684217
ASG22,2621.864712828944
QEF34,4030.2131458193962
UOA58,763.7447673469389
EXZ14,2621.864712828944
ALR41,1575.4082373113868
LLH93,6351.386583098592
MIP41,4655.659625352113
YZF96,2621.864712828944
WAQ97,1040.126499999999
EOX12,2090.5961162995636
YNH71,4030.2131458193962
RRA15,2621.864712828944
KGC13,4030.2131458193962
GRU16,2812.594932692307
KKK25,1575.4082373113868
PYE12,4006.9521062499994
WWF98,2090.5961162995636
ZMR15,1040.126499999999
OOB26,183.9077
VKW64,3137.623477272725
AWN68,1960.734353488372
RMF83,4655.659625352113
LHC12,763.7447673469389
VQW12,1575.4082373113868
ANV76,2090.5961162995636
CZV11,2090.5961162995636
ELK66,2621.864712828944
XRI86,2090.5961162995636
DIR24,593.9726870370371
FKP21,1575.4082373113868
JNE88,4030.2131458193962
YFI46,763.7447673469389
GVZ23,763.7447673469389
MPG14,4030.2131458193962
BFA10,4030.2131458193962
KKC12,6351.386583098592
GTU11,4030.2131458193962
XRY13,2090.5961162995636
ESB61,2090.5961162995636
TNK24,1575.4082373113868
GRD25,2621.864712828944
WAQ97,1040.126499999999
RCT12,2621.864712828944
LGB10,3137.623477272725
DOD12,763.7447673469389
XVT88,4030.2131458193962
ORS21,2621.864712828944
LHB99,3137.623477272725
JHT69,1575.4082373113868
UOA58,763.7447673469389
XBP87,4030.2131458193962
UFE10,4030.2131458193962
KVS72,1575.4082373113868
NXQ22,358.11140397351
QUH78,4006.9521062499994
YSA54,2812.594932692307
NDP41,1040.126499999999
DAD76,2621.864712828944
UAS12,763.7447673469389
UMO34,6351.386583098592
YAO11,2812.594932692307
UMC12,3137.623477272725
ZUC11,358.11140397351
QQZ11,3137.623477272725
VNK13,1960.734353488372
GCD72,763.7447673469389
ZVH10,2090.5961162995636
JBC11,1138.7576754098363
UQI78,2621.864712828944
MPG14,3419.1188930693056
ZNR36,2090.5961162995636
GAA13,3137.623477272725
SVQ36,3137.623477272725
GUA99,1575.4082373113868
MDT12,2090.5961162995636
XJA26,1575.4082373113868
DOS34,4655.659625352113
CXN95,4030.2131458193962
MKO99,358.11140397351
XNT10,2090.5961162995636
CZV11,2090.5961162995636
MEF73,1040.126499999999
EOX12,2090.5961162995636
JJZ12,2090.5961162995636
TVS63,2621.864712828944
TMZ13,2621.864712828944
XQB11,2090.5961162995636
RSY89,1040.126499999999
PYY23,653.8132689655172
ZJZ12,1040.126499999999
RMM57,4030.2131458193962
HIM13,1575.4082373113868
FCJ12,415.341738235294
HSB92,2090.5961162995636
LYL11,763.7447673469389
KEB73,1575.4082373113868
DOY13,1575.4082373113868
NSG12,2090.5961162995636
SLH10,1040.126499999999
KZY10,1575.4082373113868
KQB34,763.7447673469389
TMZ19,4030.2131458193962
YOV13,1575.4082373113868
KUD34,2621.864712828944
LHB99,4030.2131458193962
WGC12,3137.623477272725
CEI26,2090.5961162995636
IKW10,4030.2131458193962
IHP10,3137.623477272725
ZVH10,2090.5961162995636
BAX62,218.72904
VUP73,1575.4082373113868
GMN17,358.11140397351
EJJ98,653.8132689655172
SZL68,3137.623477272725
KQB14,2090.5961162995636
PPX45,763.7447673469389
OIX75,1575.4082373113868
UBN10,358.11140397351
OZD18,4006.9521062499994
NUW49,2621.864712828944
DPL20,763.7447673469389
SWI46,2090.5961162995636
OVU58,1040.126499999999
WBN96,3137.623477272725
FES30,1575.4082373113868
IBE74,763.7447673469389
CQK14,1575.4082373113868
SAS13,3137.623477272725
AIR10,1575.4082373113868
RCT12,2621.864712828944
EGJ70,2090.5961162995636
UJM11,4030.2131458193962
LVI11,763.7447673469389
YJC10,2621.864712828944
STK69,2621.864712828944
RCG12,3137.623477272725
DPT13,1575.4082373113868
AKE16,3137.623477272725
ZGG52,358.11140397351
QBV12,2621.864712828944
OIF72,415.341738235294
DSY84,2090.5961162995636
MKK14,763.7447673469389
ZCH56,2090.5961162995636
NJZ80,4030.2131458193962
YLU79,763.7447673469389
UQC15,3137.623477272725
QGH13,653.8132689655172
LFG35,763.7447673469389
GSR10,1575.4082373113868
CXN95,3419.1188930693056
SAD14,2812.594932692307
HIM13,1575.4082373113868
DAM28,4030.2131458193962
IYQ61,415.341738235294
WVJ47,2621.864712828944
YQO80,2621.864712828944
FWU13,3419.1188930693056
VLR87,5589.114722033898
KJO95,273.10904761904766
YMU12,358.11140397351
KSO48,5589.114722033898
JVG23,593.9726870370371
UQC15,4655.659625352113
NKD77,2621.864712828944
PNT79,763.7447673469389
IBB12,3137.623477272725
NDP41,1960.734353488372
UNO12,226.70384444444446
JLR10,3137.623477272725
FTE97,3137.623477272725
RKO79,3137.623477272725
AHD74,4006.9521062499994
TUA11,763.7447673469389
DFL12,3273.6086673684217
SRC13,4030.2131458193962
CNO62,2621.864712828944
VTP18,358.11140397351
ENI41,2090.5961162995636
GKR83,593.9726870370371
GZY97,2621.864712828944
YUP11,2621.864712828944
ZGW12,1575.4082373113868
ZGG52,2090.5961162995636
YBZ14,2090.5961162995636
MUE19,4030.2131458193962
YJY59,3419.1188930693056
SVE76,2090.5961162995636
BGC59,2090.5961162995636
MQO56,763.7447673469389
DVZ11,2621.864712828944
XPL78,1575.4082373113868
ZEE32,4030.2131458193962
NOR77,4655.659625352113
UAV72,1575.4082373113868
RKO79,3137.623477272725
PNU88,3419.1188930693056
GRU16,1575.4082373113868
GKD13,763.7447673469389
ALR41,1575.4082373113868
BDC33,2812.594932692307
UBT47,1575.4082373113868
XRU43,3419.1188930693056
PXU66,1960.734353488372
MII51,1575.4082373113868
DCB19,4030.2131458193962
QJS12,2621.864712828944
XZA11,3137.623477272725
VIQ13,2090.5961162995636
OMI11,4030.2131458193962
SSW11,2621.864712828944
ZIV91,2090.5961162995636
RHS94,2090.5961162995636
YFI46,763.7447673469389
VNP14,4030.2131458193962
IGQ78,1575.4082373113868
ADO13,4030.2131458193962
LKG52,2090.5961162995636
IKW10,653.8132689655172
KTS65,3137.623477272725
QRB67,2621.864712828944
OZD18,2621.864712828944
TNC52,3137.623477272725
EOA13,4030.2131458193962
FCF11,2621.864712828944
LCH20,763.7447673469389
ZSC82,3137.623477272725
MEF33,3137.623477272725
ZLP33,3137.623477272725
VQU85,1575.4082373113868
DUY39,763.7447673469389
YYN48,4030.2131458193962
EGU28,3137.623477272725
EWF75,3137.623477272725
ZKQ11,653.8132689655172
RQL15,1575.4082373113868
KBR19,5589.114722033898
CCH19,415.341738235294
JTW13,2812.594932692307
YEY91,2621.864712828944
APX13,4030.2131458193962
WTA87,4030.2131458193962
JBP32,1575.4082373113868
IMW22,4030.2131458193962
GPT11,2090.5961162995636
TQS13,763.7447673469389
WEA21,784.0986583333334
CWT37,4030.2131458193962
IEB77,276.84386857142863
JXN83,3419.1188930693056
UYH58,610.3193099999999
MUE19,4030.2131458193962
TTM88,2812.594932692307
DPF60,358.11140397351
WWX99,4030.2131458193962
IZD14,763.7447673469389
DZQ18,763.7447673469389
CSM50,2090.5961162995636
ESB61,2090.5961162995636
SFC11,1040.126499999999
CQZ29,1575.4082373113868
WDW84,415.341738235294
IUR77,4030.2131458193962
ASG22,415.341738235294
QYH11,1575.4082373113868
KAY10,4030.2131458193962
HQU11,3419.1188930693056
ZVR52,2090.5961162995636
BNU14,3273.6086673684217
ORS21,593.9726870370371
YOV13,1575.4082373113868
HTY10,763.7447673469389
KKC12,4030.2131458193962
ALQ91,763.7447673469389
CTA35,3137.623477272725
IZT30,521.7457166666667
LME51,1575.4082373113868
TVD11,3137.623477272725
ZKO55,358.11140397351
FPR69,4655.659625352113
NSF70,2090.5961162995636
YYJ78,183.9077
SRC13,4030.2131458193962
QAE90,1960.734353488372
URV12,2621.864712828944
WVJ47,2621.864712828944
IEW96,1040.126499999999
OTC46,1575.4082373113868
BCT83,276.84386857142863
ZFZ28,4030.2131458193962
OLD10,3137.623477272725
ROJ11,2090.5961162995636
MYA10,5589.114722033898
ALV12,3137.623477272725
YBM44,1575.4082373113868
PNK10,2090.5961162995636
YJM13,4030.2131458193962
UIR34,1575.4082373113868
LLI13,3273.6086673684217
WJU16,763.7447673469389
NDP41,1040.126499999999
JXC75,348.82636
YQL23,1575.4082373113868
SGZ11,2090.5961162995636
VOR91,1960.734353488372
IOG99,1138.7576754098363
URV12,2621.864712828944
NPE65,4006.9521062499994
KGC13,4030.2131458193962
CWT37,4030.2131458193962
HQU11,6351.386583098592
JHP96,763.7447673469389
EHR84,358.11140397351
EWF75,3137.623477272725
HMD10,1575.4082373113868
QRC79,2090.5961162995636
BNH40,3137.623477272725
JXN83,4030.2131458193962
GYZ10,183.9077
TEP90,1040.126499999999
JTL20,1040.126499999999
QYX54,4030.2131458193962
OTB75,415.341738235294
LNA17,1040.126499999999
IOG99,763.7447673469389
IHO60,653.8132689655172
LCH20,763.7447673469389
WGW41,3137.623477272725
BWJ76,3137.623477272725
AHF89,358.11140397351
QGV13,4030.2131458193962
MOL44,2090.5961162995636
GNP12,4030.2131458193962
GVZ23,1040.126499999999
EVE11,2090.5961162995636
IBY35,3419.1188930693056
IUN21,2621.864712828944
DVB70,2621.864712828944
KRS13,4030.2131458193962
YSQ17,4030.2131458193962
LKL13,4006.9521062499994
KDE69,2621.864712828944
VVO38,1575.4082373113868
VOE12,6351.386583098592
PTX15,4655.659625352113
NXX10,2090.5961162995636
NKH42,593.9726870370371
JRE61,1040.126499999999
PJX11,2621.864712828944
YMG27,763.7447673469389
ZLI11,4006.9521062499994
APE89,593.9726870370371
BUX15,2812.594932692307
TGY15,3137.623477272725
KFT87,1575.4082373113868
TZT48,1575.4082373113868
NCG56,3137.623477272725
OFA73,1575.4082373113868
KPX48,2621.864712828944
KDE69,2090.5961162995636
AJM90,4030.2131458193962
SHY10,4030.2131458193962
PPX12,593.9726870370371
GQT13,610.3193099999999
DJF15,1575.4082373113868
FCY92,2621.864712828944
RID69,2621.864712828944
HQW98,4655.659625352113
QAK10,3137.623477272725
GDV12,1040.126499999999
CPQ12,784.0986583333334
JNE88,4030.2131458193962
SAC31,4655.659625352113
IAN13,3137.623477272725
OAW37,4655.659625352113
BUQ68,2621.864712828944
RDQ13,1575.4082373113868
AFT64,4030.2131458193962
NQE11,4030.2131458193962
UML60,4030.2131458193962
WFU12,1040.126499999999
PZS93,1575.4082373113868
MSY10,4030.2131458193962
PYC12,1575.4082373113868
LZC90,2621.864712828944
EVI82,1040.126499999999
JJQ10,3137.623477272725
WOX94,593.9726870370371
MLD88,2090.5961162995636
MJX11,763.7447673469389
EOK39,1575.4082373113868
PHH13,2090.5961162995636
JVY11,2621.864712828944
OGC10,593.9726870370371
RZP72,3137.623477272725
CJQ14,784.0986583333334
SZL68,3137.623477272725
TZX36,1040.126499999999
ASG22,2621.864712828944
FUU40,2090.5961162995636
GNK67,6351.386583098592
PIV47,3273.6086673684217
YDR46,4030.2131458193962
HAY13,4655.659625352113
JFM47,3137.623477272725
CYY10,2812.594932692307
LVI11,1138.7576754098363
LHQ13,1960.734353488372
ADT76,3137.623477272725
EHR84,1575.4082373113868
FOK66,4006.9521062499994
SIY12,1575.4082373113868
UCX61,763.7447673469389
CHF67,1040.126499999999
XRZ81,763.7447673469389
CNP10,5589.114722033898
LSZ55,1040.126499999999
JTL20,276.84386857142863
JDG81,610.3193099999999
HBG12,1040.126499999999
DOD12,183.9077
WXP11,1040.126499999999
GLS37,183.9077
GOU14,3137.623477272725
ZAC12,3137.623477272725
CSM50,2090.5961162995636
XVN59,763.7447673469389
LVI11,763.7447673469389
XPC22,1040.126499999999
ZGW12,1575.4082373113868
LNA17,1040.126499999999
ZOJ13,3137.623477272725
PZT93,763.7447673469389
IAP71,3137.623477272725
NZA81,1040.126499999999
RMY66,1575.4082373113868
KGF12,3137.623477272725
UQJ12,1575.4082373113868
JXG94,2090.5961162995636
RXG14,2090.5961162995636
GLJ63,1575.4082373113868
MJB10,1960.734353488372
PNK10,2090.5961162995636
TBT30,3419.1188930693056
TVS63,2621.864712828944
NVY75,2090.5961162995636
GLS37,763.7447673469389
CQC14,3137.623477272725
WLW19,358.11140397351
PYY23,3419.1188930693056
SLY12,2621.864712828944
VKK10,2621.864712828944
TTJ13,1575.4082373113868
GSV13,2090.5961162995636
ZXN29,1575.4082373113868
RTV34,4030.2131458193962
VFE97,784.0986583333334
KXW10,3273.6086673684217
CKE54,763.7447673469389
HAY13,3137.623477272725
ZEE32,3419.1188930693056
NDL93,4030.2131458193962
